table_name,ordinal_position,column_name,column_type,is_nullable,column_key,column_default,extra,column_comment
accesos,1,acc_id,int,NO,PRI,,auto_increment,
accesos,2,usu_id,int,NO,,,,
accesos,3,for_id,int,NO,,,,
accesos,4,acc_fech,datetime,YES,,,,
afip,1,id_tabla,int,NO,PRI,,,
afip,2,valor,int,NO,,,,
afip,3,nombre,varchar(50),NO,,,,
afip,4,estado,bit(1),NO,,,,
afip,5,dgr,"decimal(12,2)",NO,,,,
afip,6,iva,"decimal(12,2)",NO,,,,
afip,7,codigoafip,char(2),NO,,,,
alicuota,1,CODIGO,int,NO,PRI,,,
alicuota,2,DENOMINACION,varchar(255),YES,,,,
articulos,1,idArticulo,int unsigned,NO,PRI,,auto_increment,
articulos,2,Nombre,varchar(100),NO,,,,
articulos,3,NombreTicket,varchar(40),NO,,,,
articulos,4,Unidad,char(8),NO,MUL,,,
articulos,5,idGrupo,int unsigned,NO,MUL,0,,
articulos,6,Costo,"decimal(12,2)",NO,,0.00,,
articulos,7,Peso,"decimal(12,2)",NO,,0.00,,
articulos,8,ProvPpal,int unsigned,NO,MUL,1,,
articulos,9,Incre1,"decimal(12,2)",NO,,0.00,,
articulos,10,Precio1,"decimal(12,2)",NO,,0.00,,
articulos,11,Incre2,"decimal(12,2)",NO,,0.00,,
articulos,12,Precio2,"decimal(12,2)",NO,,0.00,,
articulos,13,Incre3,"decimal(12,2)",NO,,0.00,,
articulos,14,Precio3,"decimal(12,2)",NO,,0.00,,
articulos,15,Visible,bit(1),NO,,b'0',,
articulos,16,Descuenta,int unsigned,NO,,0,,
articulos,17,Formula,varchar(20),NO,,,,
articulos,18,DescStock,bit(1),NO,,b'0',,
articulos,19,Stock,"decimal(12,4)",NO,,0.0000,,
articulos,20,StockMinimo,"decimal(12,4)",NO,,0.0000,,
articulos,21,TipoIva,char(2),NO,MUL,,,
articulos,22,CodBarraArt,varchar(20),NO,,,,
articulos,23,CodBarraBulto,varchar(20),NO,,,,
articulos,24,ModificaPrecios,bit(1),NO,,b'0',,
articulos,25,Imagen,varchar(200),NO,,,,
articulos,26,UltAct,date,NO,,0000-00-00,,
articulos,27,PrecioPub,"decimal(12,4)",NO,,0.0000,,
articulos,28,Balanza,bit(1),NO,,b'0',,
articulos,29,PLU,int,NO,,0,,
articulos,30,iddivisa,int unsigned,NO,,,,
articulos,31,costodolar,"decimal(12,4)",NO,,0.0000,,
articulos,32,concepto,char(1),NO,,1,,
articulos,33,habilita_web,bit(1),NO,,b'0',,
articulos,34,BonifCantidad,"decimal(12,2)",NO,,0.00,,
articulos,35,CantMinBonif,"decimal(12,2)",NO,,0.00,,
articulos,36,Transferido,bit(1),NO,,b'1',,
artprov,1,idArtxProv,int unsigned,NO,PRI,,auto_increment,
artprov,2,idArticulo,int unsigned,NO,MUL,,,
artprov,3,idProveedor,int unsigned,NO,MUL,,,
artprov,4,UnCompra,char(8),NO,MUL,,,
artprov,5,CalculoCompra,varchar(30),NO,,,,
artprov,6,UnVenta,char(8),NO,MUL,,,
artprov,7,CalculoVenta,varchar(30),NO,,,,
artprov,8,Costo,"decimal(12,2)",NO,,0.00,,
artprov,9,Descuentos,varchar(20),NO,,,,
artprov,10,Recargos,varchar(20),NO,,,,
artprov,11,Total,"decimal(12,2)",NO,,0.00,,
artprov,12,Peso,"decimal(12,4)",NO,,0.0000,,
artprov,13,CodigoProv,varchar(50),NO,,,,
artprov,14,CompraMinima,varchar(30),NO,,,,
artprov,15,TipoFlete,char(1),NO,,,,
artprov,16,idTipoFlete,int unsigned,NO,MUL,1,,
artprov,17,Detalle,varchar(100),NO,,,,
cabfact,1,IdCabFact,int,NO,PRI,,auto_increment,
cabfact,2,Tipo,char(1),NO,,,,
cabfact,3,Clase,char(1),NO,,,,
cabfact,4,numero,char(12),NO,,,,
cabfact,5,idcliente,int,NO,MUL,,,
cabfact,6,idconexion,int,NO,MUL,,,
cabfact,7,fechaem,date,NO,,0000-00-00,,
cabfact,8,fechaven,date,NO,,0000-00-00,,
cabfact,9,fechapag,date,NO,,0000-00-00,,
cabfact,10,neto,"decimal(12,2)",NO,,0.00,,
cabfact,11,iva,"decimal(12,2)",NO,,0.00,,
cabfact,12,dgr,"decimal(12,2)",NO,,0.00,,
cabfact,13,periodo,char(6),NO,,,,
cabfact,14,estado,char(1),NO,,,,
cabfact,15,CESP,varchar(20),NO,,,,
cabfact,16,VencCESP,date,NO,,0000-00-00,,
clientes,1,idcliente,int,NO,PRI,,,
clientes,2,nombre,varchar(50),NO,,,,
clientes,3,direccion,varchar(50),NO,,,,
clientes,4,telefono,varchar(50),NO,,,,
clientes,5,tipdoc,int,NO,MUL,,,
clientes,6,numdoc,int unsigned,NO,,0,,
clientes,7,sitiva,int,NO,MUL,,,
clientes,8,zona,int,NO,MUL,,,
clientes,9,activo,bit(1),NO,,b'1',,
clientes,10,cuit,char(13),NO,,,,
clientes,11,descuento,"decimal(6,2)",NO,,0.00,,
clientes,12,TitularInmueble,bit(1),NO,,b'1',,
clientes,13,TitularServicio,bit(1),NO,,b'1',,
clientes,14,Partida,varchar(10),NO,,,,
clientes,15,Departamento,varchar(4),NO,,,,
clientes,16,Municipio,varchar(4),NO,,,,
clientes,17,Seccion,varchar(10),NO,,,,
clientes,18,Chacra,varchar(10),NO,,,,
clientes,19,Manzana,varchar(20),NO,,,,
clientes,20,Parcela,varchar(20),NO,,,,
clientes,21,AportaBomberos,bit(1),NO,,b'1',,
clientes,22,Saldo,"decimal(12,2)",NO,,0.00,,
clientes,23,email,varchar(200),NO,,,,
comprobantes,1,codigo,int,NO,PRI,,,
comprobantes,2,denominacion,varchar(255),YES,,,,
conceptos,1,idconcepto,int,NO,PRI,0,,
conceptos,2,detalle,varchar(40),NO,,,,
conceptos,3,importe,"decimal(12,3)",NO,,0.000,,
conceptos,4,importenosocio,"decimal(12,3)",NO,,0.000,,
conceptos,5,activo,bit(1),NO,,b'1',,
conceptos,6,tipoiva,char(2),NO,,,,
conceptos,7,agua,bit(1),NO,,b'0',,
conceptos,8,generainteres,bit(1),NO,,b'0',,
conexiones,1,idconexion,int,NO,PRI,,auto_increment,
conexiones,2,idcliente,int,NO,MUL,,,
conexiones,3,direccion,varchar(50),NO,,,,
conexiones,4,ubicacion,varchar(50),NO,,,,
conexiones,5,zona,int,NO,MUL,,,
conexiones,6,ultmed,"decimal(12,2)",NO,,,,
conexiones,7,activo,bit(1),NO,,b'0',,
conexiones,8,socio,bit(1),NO,,b'0',,
conexiones,9,fechaingreso,date,NO,,0000-00-00,,
conexiones,10,integracion,"decimal(12,2)",NO,,0.00,,
consumo,1,idconsumo,int,NO,PRI,,auto_increment,
consumo,2,idconexion,int,NO,MUL,,,
consumo,3,fechatoma,date,NO,,,,
consumo,4,estadomed,"decimal(12,0)",NO,,,,
consumo,5,periodo,char(6),NO,,,,
consumo,6,consumo,"decimal(4,0)",NO,,0,,
consumo,7,facturado,bit(1),NO,,b'0',,
ctacte,1,idCtaCte,int unsigned,NO,PRI,,auto_increment,
ctacte,2,Fecha,date,NO,,0000-00-00,,
ctacte,3,idFactura,int,NO,MUL,,,
ctacte,4,idRecibo,int,NO,MUL,,,
ctacte,5,Monto,"decimal(12,2)",NO,,0.00,,
ctacte,6,_usuario,varchar(20),NO,,,,
ctacte,7,_fecha,date,NO,,0000-00-00,,
ctacte,8,_hora,char(8),NO,,00:00:00,,
ctrocosto,1,idCtroCosto,int unsigned,NO,PRI,,,
ctrocosto,2,Nombre,varchar(50),NO,,,,
detfact,1,idDetFact,int,NO,PRI,,auto_increment,
detfact,2,idCabfact,int,NO,,,,
detfact,3,idconcepto,int,NO,MUL,,,
detfact,4,neto,"decimal(12,2)",NO,,0.00,,
detfact,5,iva,"decimal(12,2)",NO,,0.00,,
detfact,6,dgr,"decimal(12,2)",NO,,0.00,,
detfact,7,detalle,varchar(50),NO,,,,
factimp,1,IdCabFact,int,NO,,0,,
factimp,2,Tipo,char(1),NO,,,,
factimp,3,Clase,char(1),NO,,,,
factimp,4,numero,char(12),NO,,,,
factimp,5,idcliente,int,NO,,,,
factimp,6,idconexion,int,NO,,,,
factimp,7,fechaem,date,NO,,0000-00-00,,
factimp,8,fechapag,date,NO,,0000-00-00,,
factimp,9,neto,"decimal(12,2)",NO,,0.00,,
factimp,10,iva,"decimal(12,2)",NO,,0.00,,
factimp,11,dgr,"decimal(12,2)",NO,,0.00,,
factimp,12,periodo,char(6),NO,,,,
factimp,13,nombre,varchar(50),NO,,,,
factimp,14,dircon,varchar(50),NO,,,,
factimp,15,direccion,varchar(50),NO,,,,
facturas,1,idcabfact,int,NO,,0,,
facturas,2,tipo,char(1),NO,,,,
facturas,3,clase,char(1),NO,,,,
facturas,4,numero,char(12),NO,,,,
facturas,5,idcliente,int,NO,,,,
facturas,6,idconexion,int,NO,,,,
facturas,7,fechaem,date,NO,,0000-00-00,,
facturas,8,fechaven,date,NO,,0000-00-00,,
facturas,9,fechapag,date,NO,,0000-00-00,,
facturas,10,periodo,char(6),NO,,,,
facturas,11,idDetFact,int,NO,,0,,
facturas,12,idconcepto,int,NO,,,,
facturas,13,neto,"decimal(12,2)",NO,,0.00,,
facturas,14,iva,"decimal(12,2)",NO,,0.00,,
facturas,15,dgr,"decimal(12,2)",NO,,0.00,,
facturas,16,detalle,varchar(50),NO,,,,
formula,1,for_id,int,NO,PRI,,auto_increment,
formula,2,for_nomb,char(50),NO,,,,
formula,3,sis_id,smallint,NO,,,,
formula,4,tfo_id,smallint,NO,,,,
formula,5,for_orde,int,NO,,,,
formula,6,for_pare,int,NO,,0,,
formula,7,for_arch,varchar(50),YES,,,,
formula,8,for_imag,char(5),YES,,,,
formula,9,gfo_id,smallint,YES,,,,
gruform,1,gfo_id,smallint,NO,PRI,,,
gruform,2,gfo_nomb,char(30),NO,,,,
movcaja,1,idMovCaja,int unsigned,NO,PRI,,auto_increment,
movcaja,2,Fecha,date,NO,,0000-00-00,,
movcaja,3,idTipoComp,int unsigned,NO,MUL,0,,
movcaja,4,numcomp,char(12),NO,,,,
movcaja,5,importe,"decimal(12,2)",NO,,0.00,,
movcaja,6,banco,int unsigned,NO,,0,,
movcaja,7,sucursal,int unsigned,NO,,0,,
movcaja,8,numche,varchar(15),NO,,,,
movcaja,9,vence,date,NO,,0000-00-00,,
movcaja,10,cuit,char(13),NO,,,,
movcaja,11,estado,char(1),NO,,,,
movcaja,12,idCabFact,int unsigned,NO,,,,
movcaja,13,idProveedor,int unsigned,NO,,0,,
movcaja,14,idCliente,int unsigned,NO,,0,,
movcaja,15,_usuario,char(15),NO,,,,
movcaja,16,_fecha,date,NO,,0000-00-00,,
movcaja,17,_hora,char(8),NO,,00:00:00,,
movcaja,18,obs,text,YES,,,,
movcaja,19,codsuc,int unsigned,NO,,0,,
movcaja,20,tabla,varchar(30),NO,,,,
movcaja,21,idtabla,int unsigned,NO,,0,,
paramfac,1,codigom3,int,NO,,,,
paramfac,2,interesdiario,"decimal(8,4)",NO,,,,
paramfac,3,dia1venc,"decimal(2,0)",NO,,,,
paramfac,4,codcuotser,int,NO,,0,,
paramfac,5,minm3,"decimal(3,0)",NO,,,,
paramfac,6,ultperfac,char(6),NO,,,,
paramfac,7,ptovtafac,char(4),NO,,,,
paramfac,8,ultnumfac,char(8),NO,,,,
paramfac,9,dgr,"decimal(7,3)",NO,,0.000,,
paramfac,10,iva,"decimal(7,3)",NO,,0.000,,
paramfac,11,codintereses,int,NO,,0,,
paramfac,12,ultrecibo,char(8),NO,,0,,
paramsist,1,idParamSist,int unsigned,NO,PRI,,auto_increment,
paramsist,2,Parametro,varchar(100),NO,,,,
paramsist,3,Valor,text,NO,,,,
pcabecera,1,idPCabecera,int unsigned,NO,PRI,,auto_increment,
pcabecera,2,idTipo,int unsigned,NO,MUL,0,,
pcabecera,3,contado,char(1),NO,,,,
pcabecera,4,clase,char(1),NO,,,,
pcabecera,5,numero,char(12),NO,,,,
pcabecera,6,proveedor,int unsigned,NO,MUL,,,
pcabecera,7,fecha,date,NO,,0000-00-00,,
pcabecera,8,neto,"decimal(12,2)",NO,,0.00,,
pcabecera,9,iva21,"decimal(12,2)",NO,,0.00,,
pcabecera,10,dgr,"decimal(12,2)",NO,,0.00,,
pcabecera,11,iva27,"decimal(12,2)",NO,,0.00,,
pcabecera,12,iva105,"decimal(12,2)",NO,,0.00,,
pcabecera,13,impuestos,"decimal(12,2)",NO,,0.00,,
pcabecera,14,exentos,"decimal(12,2)",NO,,0.00,,
pcabecera,15,nogravados,"decimal(12,2)",NO,,0.00,,
pcabecera,16,total,"decimal(12,2)",NO,,0.00,,
pcabecera,17,saldo,"decimal(12,2)",NO,,0.00,,
pcabecera,18,moneda,char(3),NO,,$,,
pcabecera,19,cambio,"decimal(12,4)",NO,,1.0000,,
pcabecera,20,_usuario,varchar(10),NO,,,,
pcabecera,21,_fecha,date,NO,,0000-00-00,,
pcabecera,22,_hora,char(8),NO,,00:00:00,,
pcabecera,23,periodo,char(6),NO,,,,
pcabecera,24,liquidacion,varchar(12),NO,,,,
pcabecera,25,tasavial,"decimal(12,2)",NO,,0.00,,
pcabecera,26,otrosimp,"decimal(12,2)",NO,,0.00,,
pcabecera,27,litros,"decimal(12,4)",NO,,0.0000,,
pcabecera,28,ivacompras,bit(1),NO,,,,
pcabecera,29,percepiva,"decimal(12,2)",NO,,0.00,,
pdetalle,1,idPDetalle,int unsigned,NO,PRI,,auto_increment,
pdetalle,2,idPCabecera,int unsigned,NO,,,,
pdetalle,3,idUnidadNegocio,int unsigned,NO,MUL,,,
pdetalle,4,idCtroCosto,int unsigned,NO,MUL,,,
pdetalle,5,movil,char(6),NO,MUL,,,
pdetalle,6,importe,"decimal(12,2)",NO,,0.00,,
pdetalle,7,poriva,"decimal(12,2)",NO,,0.00,,
pdetalle,8,litros,"decimal(12,4)",NO,,,,
pendfact,1,idpendfact,int,NO,PRI,,auto_increment,
pendfact,2,idconexion,int,NO,MUL,,,
pendfact,3,idcliente,int,NO,MUL,,,
pendfact,4,idconcepto,int,NO,MUL,,,
pendfact,5,periodo,char(6),NO,,,,
pendfact,6,neto,"decimal(12,2)",NO,,0.00,,
pendfact,7,iva,"decimal(12,2)",NO,,0.00,,
pendfact,8,dgr,"decimal(12,2)",NO,,0.00,,
pendfact,9,detalle,varchar(50),NO,,,,
pendfact,10,facturado,bit(1),NO,,b'0',,
periodicidad,1,codigo,int,NO,PRI,,,
periodicidad,2,denominacion,varchar(255),YES,,,,
provincias,1,codigo,int,NO,PRI,,,
provincias,2,denominacion,varchar(255),YES,,,,
rangom3,1,idRangoM3,int unsigned,NO,PRI,,auto_increment,
rangom3,2,DesdeM3,int,NO,,0,,
rangom3,3,HastaM3,int,NO,,0,,
rangom3,4,idConcepto,int,NO,MUL,,,
sistema,1,sis_id,smallint,NO,PRI,,auto_increment,
sistema,2,sis_nomb,char(30),NO,,,,
sistema,3,sis_nresu,char(5),YES,,,,
sistema,4,pla_id,smallint,YES,,,,
sistema,5,sis_dire,varchar(80),YES,,,,
tablas,1,ID_Tabla,int,NO,PRI,,auto_increment,
tablas,2,ID_TipTab,int,NO,MUL,,,
tablas,3,Valor,int,NO,,,,
tablas,4,Descrip,varchar(40),NO,,,,
tablas,5,Estado,smallint,NO,,0,,
tablas,6,F_Alta,date,NO,,0000-00-00,,
tablas,7,F_Baja,date,NO,,0000-00-00,,
tablas,8,Usuario,varchar(10),NO,,,,
tip_comp,1,Codigo,int unsigned,NO,PRI,0,,
tip_comp,2,nombre,varchar(30),NO,,,,
tip_comp,3,Abr,varchar(3),NO,,,,
tip_comp,4,exporta,bit(1),NO,,b'0',,
tip_comp,5,letra,char(1),NO,,,,
tip_comp,6,lado,char(1),NO,,,,
tip_comp,7,ultcomp,int,NO,,0,,
tip_comp,8,Impresion,varchar(200),NO,,,,
tipcompafip,1,idTipCompAfip,int unsigned,NO,PRI,,,
tipcompafip,2,Detalle,varchar(80),NO,,,,
tipdoc,1,id_Tabla,int,NO,,0,,
tipdoc,2,id_tiptab,int,NO,,,,
tipdoc,3,valor,int,NO,,,,
tipdoc,4,nombre,varchar(40),NO,,,,
tipdoc,5,estado,smallint,NO,,0,,
tipoconsumo,1,codigo,int,NO,PRI,,,
tipoconsumo,2,denominacion,varchar(255),YES,,,,
tipofor,1,tfo_id,smallint,NO,PRI,,,
tipofor,2,tfo_nomb,char(30),NO,,,,
tipofor,3,tfo_codi,char(1),NO,,,,
tipoiva,1,CODIGO,char(2),NO,PRI,,,
tipoiva,2,DESCRIP,varchar(20),YES,,,,
tipoiva,3,IVA,"decimal(5,2)",YES,,,,
tipoiva,4,ALICUOTA,"decimal(5,2)",YES,,,,
tipoiva,5,PERCEP,"decimal(5,2)",YES,,,,
tiposervicio,1,CDGO,char(1),NO,PRI,,,
tiposervicio,2,DENO,varchar(255),YES,,,,
tipotablas,1,ID_TipTab,int,NO,PRI,,auto_increment,
tipotablas,2,Descrip,varchar(40),NO,,,,
tipotablas,3,F_Alta,date,NO,,,,
tipotablas,4,F_Baja,date,NO,,,,
tipotablas,5,Usuario,varchar(10),NO,,,,
titularinmueble,1,idTitularInmueble,int unsigned,NO,PRI,,auto_increment,
titularinmueble,2,idConexion,int,NO,MUL,0,,
titularinmueble,3,Nombre,varchar(100),NO,,,,
titularinmueble,4,TipoDocumento,int,NO,MUL,,,
titularinmueble,5,Documento,varchar(11),NO,,,,
titularinmueble,6,sitfteiva,int,NO,MUL,0,,
titularservicio,1,idTitularServicio,int unsigned,NO,PRI,,auto_increment,
titularservicio,2,idConexion,int,NO,MUL,0,,
titularservicio,3,TipoDoc,int,NO,MUL,0,,
titularservicio,4,NumDoc,varchar(13),NO,,,,
titularservicio,5,Nombre,varchar(80),NO,,,,
userlev,1,GROUP_ID,varchar(2),YES,,,,
userlev,2,DESCRIPTIO,varchar(35),YES,,,,
userlev,3,STARTUP_AC,text,YES,,,,
usuarios,1,USUARIO,varchar(8),YES,,,,
usuarios,2,NOMBRE,varchar(30),YES,,,,
usuarios,3,APELLIDO,varchar(30),YES,,,,
usuarios,4,GRUPO,varchar(8),YES,,,,
usuarios,5,FECHAING,date,YES,,,,
usuarios,6,FECHABAJA,date,YES,,,,
usuarios,7,ACTIVO,bit(1),YES,,b'0',,
usuarios,8,CLAVE,varchar(12),YES,,,,
usuarios,9,SUMCHECK,"decimal(18,0)",YES,,,,
usuarios,10,USER_LEVEL,varchar(2),YES,,,,
usuarios,11,USU_ID,int,NO,PRI,,auto_increment,
usuarios,12,VENDEDOR,int,NO,,,,
zonas,1,id_Tabla,int,NO,,0,,
zonas,2,id_tiptab,int,NO,,,,
zonas,3,valor,int,NO,,,,
zonas,4,nombre,varchar(40),NO,,,,
zonas,5,estado,smallint,NO,,0,,
